{
  "__type__": "cc.Skeleton",
  "_name": "Skin-0",
  "_objFlags": 0,
  "_native": "",
  "_joints": [
    "RootNode/骨架/Bone",
    "RootNode/骨架/Bone/Bone.001",
    "RootNode/骨架/Bone/Bone.001/Bone.002"
  ],
  "_bindposes": [
    {
      "__type__": "cc.Mat4",
      "m00": 0.5401833057403564,
      "m01": 0,
      "m02": 0,
      "m03": 0,
      "m04": 0,
      "m05": 3.307668291239473e-17,
      "m06": -0.5401833057403564,
      "m07": 0,
      "m08": 0,
      "m09": 0.5401833057403564,
      "m10": 3.307668291239473e-17,
      "m11": 0,
      "m12": 0,
      "m13": 0.01164163090288639,
      "m14": 0,
      "m15": 1
    },
    {
      "__type__": "cc.Mat4",
      "m00": 0.5401833057403564,
      "m01": 0,
      "m02": 0,
      "m03": 0,
      "m04": 0,
      "m05": 0.5401833057403564,
      "m06": 6.162975822039155e-33,
      "m07": 0,
      "m08": 0,
      "m09": -6.162975822039155e-33,
      "m10": 0.5401833057403564,
      "m11": 0,
      "m12": 0,
      "m13": -3.518925684409314e-21,
      "m14": -0.00005746841270592995,
      "m15": 1
    },
    {
      "__type__": "cc.Mat4",
      "m00": 0.5401833057403564,
      "m01": 0,
      "m02": 0,
      "m03": 0,
      "m04": 0,
      "m05": 0.5401833057403564,
      "m06": 6.162975822039155e-33,
      "m07": 0,
      "m08": 0,
      "m09": -6.162975822039155e-33,
      "m10": 0.5401833057403564,
      "m11": 0,
      "m12": 0,
      "m13": -0.010647422634065151,
      "m14": -0.00005746841270592995,
      "m15": 1
    }
  ],
  "_hash": 400303877
}