{
  "current-scene": "54d4b3d4-8425-49ae-9814-eff3d81e7c47",
  "gizmos-infos": {
    "iconGizmoSize": 2,
    "isGridVisible": true,
    "isIconGizmo3D": true
  },
  "float-window": {
    "position": {
      "cc": {
        "CameraComponent": {
          "bottom": 10,
          "dock": false,
          "left": null,
          "right": 10,
          "top": null
        },
        "Terrain": {
          "bottom": 10,
          "dock": false,
          "left": null,
          "right": 10,
          "top": null
        },
        "ParticleSystemComponent": {
          "bottom": 10,
          "dock": false,
          "left": null,
          "right": 10,
          "top": null
        }
      }
    }
  },
  "scene": {
    "toolbarsGizmo": {
      "show3DIcons": true
    },
    "camera3d": {
      "fov": 79
    }
  },
  "camera-infos": {
    "54d4b3d4-8425-49ae-9814-eff3d81e7c47": {
      "position": {
        "x": 50,
        "y": 50,
        "z": 50
      },
      "rotation": {
        "w": 0.8804762392171493,
        "x": -0.27984814233312133,
        "y": 0.3647051996310009,
        "z": 0.11591689595929514
      },
      "viewCenter": {
        "x": 0,
        "y": 0,
        "z": 0
      }
    },
    "f46876e4-e81b-4931-b493-6d367be385e7": {
      "position": {
        "x": 1.073598532170514,
        "y": 4.823840651693021,
        "z": 8.292065807161626
      },
      "rotation": {
        "w": 0.8804762392171493,
        "x": -0.27984814233312133,
        "y": 0.3647051996310009,
        "z": 0.11591689595929514
      },
      "viewCenter": {
        "x": -3.656236464837873,
        "y": 0.09400565468463551,
        "z": 3.56223081015324
      }
    }
  },
  "camera-uuids": [
    "54d4b3d4-8425-49ae-9814-eff3d81e7c47"
  ],
  "bduuy75tJCGYVoISVvFpW4": {
    "sculpt": {
      "radius": 5,
      "strength": 1
    },
    "paint": {
      "falloff": 0.5,
      "radius": 5,
      "strength": 5
    }
  }
}
