{
  "current-scene": "54d4b3d4-8425-49ae-9814-eff3d81e7c47",
  "gizmos-infos": {
    "iconGizmoSize": 2,
    "isGridVisible": true,
    "isIconGizmo3D": false
  },
  "camera-infos": {
    "54d4b3d4-8425-49ae-9814-eff3d81e7c47": {
      "position": {
        "x": 9.414964524657512,
        "y": 0.3084727515021214,
        "z": 0.06963932257482659
      },
      "rotation": {
        "w": 0.7181296360624668,
        "x": -0.061581061620228694,
        "y": -0.6906446235065282,
        "z": -0.059225017304915584
      },
      "viewCenter": {
        "x": 11.199,
        "y": 0,
        "z": 0
      }
    },
    "f46876e4-e81b-4931-b493-6d367be385e7": {
      "position": {
        "x": 50,
        "y": 50,
        "z": 50
      },
      "rotation": {
        "w": 0.8804762392171493,
        "x": -0.27984814233312133,
        "y": 0.3647051996310009,
        "z": 0.11591689595929514
      },
      "viewCenter": {
        "x": 0,
        "y": 0,
        "z": 0
      }
    }
  },
  "camera-uuids": [
    "54d4b3d4-8425-49ae-9814-eff3d81e7c47"
  ],
  "float-window": {
    "position": {
      "cc": {
        "ParticleSystemComponent": {
          "bottom": 10,
          "dock": false,
          "left": null,
          "right": 10,
          "top": null
        },
        "CameraComponent": {
          "bottom": 10,
          "dock": false,
          "left": null,
          "right": 10,
          "top": null
        }
      }
    }
  }
}
