{
  "current-scene": "12c58439-84ef-4f96-91b8-58f2f180e11d",
  "gizmos-infos": {
    "iconGizmoSize": 2,
    "isGridVisible": true,
    "isIconGizmo3D": false
  },
  "float-window": {
    "position": {
      "cc": {
        "CameraComponent": {
          "bottom": 10,
          "dock": false,
          "left": null,
          "right": 10,
          "top": null
        }
      }
    }
  },
  "camera-infos": {
    "12c58439-84ef-4f96-91b8-58f2f180e11d": {
      "position": {
        "x": 480.6138096561657,
        "y": 318.5215960111765,
        "z": 2521.305602031798
      },
      "rotation": {
        "w": 1,
        "x": 0,
        "y": 0,
        "z": 0
      },
      "viewCenter": {
        "x": 8.895650506863163,
        "y": -12.03320695876359,
        "z": -6.13616614606147
      }
    },
    "f46876e4-e81b-4931-b493-6d367be385e7": {
      "position": {
        "x": 18.05809581189405,
        "y": 13.04649768845036,
        "z": 24.905067574857267
      },
      "rotation": {
        "w": 0.9384788632782284,
        "x": -0.15188373694875484,
        "y": 0.3061595226308802,
        "z": 0.04954896154083784
      },
      "viewCenter": {
        "x": -3.11675790912885,
        "y": 1.1112077450330418,
        "z": -4.094920027759294
      }
    }
  },
  "camera-uuids": [
    "12c58439-84ef-4f96-91b8-58f2f180e11d"
  ]
}
