{
  "__type__": "cc.Skeleton",
  "_name": "Skin-0",
  "_objFlags": 0,
  "_native": "",
  "_joints": [
    "RootNode/骨架/Root",
    "RootNode/骨架/Root/Body",
    "RootNode/骨架/Root/Body/Top"
  ],
  "_bindposes": [
    {
      "__type__": "cc.Mat4",
      "m00": -0.19640782475471497,
      "m01": 2.405302089525173e-17,
      "m02": -0.3401884138584137,
      "m03": 0,
      "m04": -0.3401884138584137,
      "m05": 1.760803818946114e-17,
      "m06": 0.19640782475471497,
      "m07": 0,
      "m08": 2.727551638405009e-17,
      "m09": 0.3928157091140747,
      "m10": 1.2026510447625865e-17,
      "m11": 0,
      "m12": 0,
      "m13": -1.19209286886246e-9,
      "m14": 0,
      "m15": 1
    },
    {
      "__type__": "cc.Mat4",
      "m00": -0.196407750248909,
      "m01": 2.405302420397418e-17,
      "m02": -0.34018850326538086,
      "m03": 0,
      "m04": -0.34018850326538086,
      "m05": 1.7608043152544815e-17,
      "m06": 0.196407750248909,
      "m07": 0,
      "m08": 2.7275514729688863e-17,
      "m09": 0.3928157687187195,
      "m10": 1.2026517892251378e-17,
      "m11": 0,
      "m12": 0,
      "m13": -0.0035618271213024855,
      "m14": 0,
      "m15": 1
    },
    {
      "__type__": "cc.Mat4",
      "m00": -0.196407750248909,
      "m01": 2.405302420397418e-17,
      "m02": -0.34018850326538086,
      "m03": 0,
      "m04": -0.34018850326538086,
      "m05": 1.7608043152544815e-17,
      "m06": 0.196407750248909,
      "m07": 0,
      "m08": 2.7275514729688863e-17,
      "m09": 0.3928157687187195,
      "m10": 1.2026517892251378e-17,
      "m11": 0,
      "m12": 0,
      "m13": -0.018084468320012093,
      "m14": 0,
      "m15": 1
    }
  ],
  "_hash": 251757716
}