{
  "__type__": "cc.Skeleton",
  "_name": "Skin-0",
  "_objFlags": 0,
  "_native": "",
  "_joints": [
    "RootNode/骨架/Bone"
  ],
  "_bindposes": [
    {
      "__type__": "cc.Mat4",
      "m00": -1,
      "m01": 3.2584134146418364e-7,
      "m02": 1.174602272000988e-14,
      "m03": 0,
      "m04": -3.2584134146418364e-7,
      "m05": -1,
      "m06": -1.9470718370939721e-7,
      "m07": 0,
      "m08": -5.169762594360236e-14,
      "m09": -1.9470718370939721e-7,
      "m10": 1,
      "m11": 0,
      "m12": -1.6697736739279014e-22,
      "m13": 0,
      "m14": 0,
      "m15": 1
    }
  ],
  "_hash": 3619871295
}