{
  "__type__": "cc.Skeleton",
  "_name": "Skin-0",
  "_objFlags": 0,
  "_native": "",
  "_joints": [
    "RootNode/骨架/Root",
    "RootNode/骨架/Root/Root_0",
    "RootNode/骨架/Root/Root_0/L_Up_Arm",
    "RootNode/骨架/Root/Root_0/L_Up_Arm/L_D_Arm",
    "RootNode/骨架/Root/Root_0/L_Up_Arm/L_D_Arm/L_Rope",
    "RootNode/骨架/Root/Root_0/R_Up_arm",
    "RootNode/骨架/Root/Root_0/R_Up_arm/R_D_Arm",
    "RootNode/骨架/Root/Root_0/R_Up_arm/R_D_Arm/R_Rope",
    "RootNode/骨架/Root/Root_0/R_Up_arm/R_D_Arm/R_Rope/R_Rope.001"
  ],
  "_bindposes": [
    {
      "__type__": "cc.Mat4",
      "m00": 0.3394125998020172,
      "m01": -1.286118521726695e-15,
      "m02": 1.0788744120304727e-8,
      "m03": 0,
      "m04": 1.0788744120304727e-8,
      "m05": 4.046113488698211e-8,
      "m06": -0.3394125998020172,
      "m07": 0,
      "m08": -6.6062175361982765e-25,
      "m09": 0.3394125998020172,
      "m10": 4.046113488698211e-8,
      "m11": 0,
      "m12": -7.593431371071744e-32,
      "m13": 0.014687828719615936,
      "m14": 1.7509256267089768e-9,
      "m15": 1
    },
    {
      "__type__": "cc.Mat4",
      "m00": 0.33939310908317566,
      "m01": 0.0025713033974170685,
      "m02": 0.0025712065398693085,
      "m03": 0,
      "m04": -0.00257122959010303,
      "m05": 0.33940285444259644,
      "m06": -0.000019460418116068467,
      "m07": 0,
      "m08": -0.0025712798815220594,
      "m09": -1.8944941615473e-8,
      "m10": 0.33940285444259644,
      "m11": 0,
      "m12": 6.345099023974399e-8,
      "m13": 4.752042943173551e-13,
      "m14": -0.000008374452590942383,
      "m15": 1
    },
    {
      "__type__": "cc.Mat4",
      "m00": -0.07045609503984451,
      "m01": -0.33201897144317627,
      "m02": -0.000533772399649024,
      "m03": 0,
      "m04": 0.3320094347000122,
      "m05": -0.07045809924602509,
      "m06": 0.0025152903981506824,
      "m07": 0,
      "m08": -0.002571303164586425,
      "m09": 2.132087284500983e-10,
      "m10": 0.33940285444259644,
      "m11": 0,
      "m12": -0.0028027284424751997,
      "m13": 0.0006170269916765392,
      "m14": -0.00002960920573968906,
      "m15": 1
    },
    {
      "__type__": "cc.Mat4",
      "m00": -0.17187771201133728,
      "m01": -0.29267269372940063,
      "m02": -0.0013021368067711592,
      "m03": 0,
      "m04": 0.2926642894744873,
      "m05": -0.17188264429569244,
      "m06": 0.0022172110620886087,
      "m07": 0,
      "m08": -0.0025712999049574137,
      "m09": 6.836386456932075e-10,
      "m10": 0.3394028842449188,
      "m11": 0,
      "m12": -0.004434148781001568,
      "m13": -0.0044367373920977116,
      "m14": -0.000041966428398154676,
      "m15": 1
    },
    {
      "__type__": "cc.Mat4",
      "m00": 0.002460492542013526,
      "m01": 0.33939436078071594,
      "m02": 0.002515363274142146,
      "m03": 0,
      "m04": -0.3394034504890442,
      "m05": 0.0024609784595668316,
      "m06": -0.000056301054428331554,
      "m07": 0,
      "m08": -0.00007453612488461658,
      "m09": -0.002514888998121023,
      "m10": 0.33940327167510986,
      "m11": 0,
      "m12": -0.0023887024726718664,
      "m13": 0.013001499697566032,
      "m14": 0.00008743771468289196,
      "m15": 1
    },
    {
      "__type__": "cc.Mat4",
      "m00": -0.07045620679855347,
      "m01": 0.3320189118385315,
      "m02": -0.0005337644251994789,
      "m03": 0,
      "m04": -0.33200937509536743,
      "m05": -0.07045821845531464,
      "m06": -0.002515246858820319,
      "m07": 0,
      "m08": -0.002571258693933487,
      "m09": 9.131182615584876e-11,
      "m10": 0.3394028842449188,
      "m11": 0,
      "m12": 0.0028118814807385206,
      "m13": 0.0005744906957261264,
      "m14": 0.000012928247087984346,
      "m15": 1
    },
    {
      "__type__": "cc.Mat4",
      "m00": -0.17187780141830444,
      "m01": 0.29267260432243347,
      "m02": -0.0013021184131503105,
      "m03": 0,
      "m04": -0.29266422986984253,
      "m05": -0.1718827337026596,
      "m06": -0.002217176603153348,
      "m07": 0,
      "m08": -0.002571261255070567,
      "m09": 4.752338800262379e-11,
      "m10": 0.3394029140472412,
      "m11": 0,
      "m12": 0.0044562965631484985,
      "m13": -0.004474233835935593,
      "m14": 0.00002538800436013844,
      "m15": 1
    },
    {
      "__type__": "cc.Mat4",
      "m00": 0.0024605332873761654,
      "m01": -0.33939433097839355,
      "m02": 0.0025154310278594494,
      "m03": 0,
      "m04": -0.007431440986692905,
      "m05": 0.002461020601913333,
      "m06": 0.3393222689628601,
      "m07": 0,
      "m08": -0.33932211995124817,
      "m09": -0.0025149553548544645,
      "m10": -0.007413204293698072,
      "m11": 0,
      "m12": -0.00014043574628885835,
      "m13": 0.013044983148574829,
      "m14": 0.002385875442996621,
      "m15": 1
    },
    {
      "__type__": "cc.Mat4",
      "m00": -0.0049429964274168015,
      "m01": -0.0036028348840773106,
      "m02": 0.3393574357032776,
      "m03": 0,
      "m04": -0.0000525008472322952,
      "m05": 0.3393934667110443,
      "m06": 0.0036024521104991436,
      "m07": 0,
      "m08": -0.33937638998031616,
      "m09": -2.8420680919793995e-8,
      "m10": -0.00494327861815691,
      "m11": 0,
      "m12": -0.00008756658644415438,
      "m13": 0.002389076864346862,
      "m14": -0.00001940213405760005,
      "m15": 1
    }
  ],
  "_hash": 578668330
}