{
  "__type__": "cc.Skeleton",
  "_name": "Skin-0",
  "_objFlags": 0,
  "_native": "",
  "_joints": [
    "RootNode/骨架/Root",
    "RootNode/骨架/Root/Bone.001",
    "RootNode/骨架/Root/Bone.001/Bone.005",
    "RootNode/骨架/Root/Bone.001/Bone.005/Nick",
    "RootNode/骨架/Root/Bone.001/Bone.005/Nick/Head",
    "RootNode/骨架/Root/Bone.001/L_Up_Arm",
    "RootNode/骨架/Root/Bone.001/L_Up_Arm/L_Arm",
    "RootNode/骨架/Root/Bone.001/R_Up_Arm",
    "RootNode/骨架/Root/Bone.001/R_Up_Arm/R_Arm",
    "RootNode/骨架/Root/Bone.002",
    "RootNode/骨架/Root/Bone.002/Bone.003",
    "RootNode/骨架/Root/Bone.002/Bone.003/Bone.004",
    "RootNode/骨架/Root/L__UP_Leg",
    "RootNode/骨架/Root/L__UP_Leg/L_Down_Leg",
    "RootNode/骨架/Root/L__UP_Leg/L_Down_Leg/L_Foot",
    "RootNode/骨架/Root/R_Up_Leg",
    "RootNode/骨架/Root/R_Up_Leg/R_Down_Leg",
    "RootNode/骨架/Root/R_Up_Leg/R_Down_Leg/R_Down_Foot"
  ],
  "_bindposes": [
    {
      "__type__": "cc.Mat4",
      "m00": 1,
      "m01": 5.2488672977658466e-17,
      "m02": -5.1175695808797946e-17,
      "m03": 0,
      "m04": -5.2488672977658466e-17,
      "m05": 0.0253272857517004,
      "m06": -0.9996791481971741,
      "m07": 0,
      "m08": -5.1175695808797946e-17,
      "m09": 0.9996791481971741,
      "m10": 0.0253272857517004,
      "m11": 0,
      "m12": 0,
      "m13": 0,
      "m14": 0,
      "m15": 1
    },
    {
      "__type__": "cc.Mat4",
      "m00": 1,
      "m01": -2.2495467131861818e-14,
      "m02": 2.384186927884002e-7,
      "m03": 0,
      "m04": 1.3718803870688134e-7,
      "m05": -0.817866325378418,
      "m06": -0.5754081606864929,
      "m07": 0,
      "m08": 1.9499464087857632e-7,
      "m09": 0.5754081606864929,
      "m10": -0.817866325378418,
      "m11": 0,
      "m12": -6.973967181522767e-9,
      "m13": -0.019490918144583702,
      "m14": 0.029250921681523323,
      "m15": 1
    },
    {
      "__type__": "cc.Mat4",
      "m00": 1,
      "m01": -6.9942276017360364e-15,
      "m02": 2.384185791015625e-7,
      "m03": 0,
      "m04": 1.9715463395186816e-7,
      "m05": -0.5623100399971008,
      "m06": -0.8269264698028564,
      "m07": 0,
      "m08": 1.3406516075065156e-7,
      "m09": 0.8269264101982117,
      "m10": -0.5623100399971008,
      "m11": 0,
      "m12": -3.7058183188776184e-9,
      "m13": -0.04169093444943428,
      "m14": 0.015543325804173946,
      "m15": 1
    },
    {
      "__type__": "cc.Mat4",
      "m00": 1,
      "m01": -3.460584615633082e-14,
      "m02": 2.3841852225814364e-7,
      "m03": 0,
      "m04": 2.1525865179228276e-7,
      "m05": -0.42993348836898804,
      "m06": -0.9028604626655579,
      "m07": 0,
      "m08": 1.0250415272139435e-7,
      "m09": 0.9028603434562683,
      "m10": -0.42993348836898804,
      "m11": 0,
      "m12": -1.6619610132551088e-9,
      "m13": -0.056871093809604645,
      "m14": 0.006970764137804508,
      "m15": 1
    },
    {
      "__type__": "cc.Mat4",
      "m00": 1,
      "m01": -4.4578696880822125e-14,
      "m02": 4.76837158203125e-7,
      "m03": 0,
      "m04": 1.625601839805313e-7,
      "m05": -0.9400945901870728,
      "m06": -0.3409135043621063,
      "m07": 0,
      "m08": 4.482720612486446e-7,
      "m09": 0.3409135043621063,
      "m10": -0.9400945901870728,
      "m11": 0,
      "m12": -2.6031347744037703e-8,
      "m13": -0.04542436823248863,
      "m14": 0.05459168925881386,
      "m15": 1
    },
    {
      "__type__": "cc.Mat4",
      "m00": 0.49010828137397766,
      "m01": 0.7862138152122498,
      "m02": -0.3763795793056488,
      "m03": 0,
      "m04": 0.29895085096359253,
      "m05": -0.557219386100769,
      "m06": -0.7746837735176086,
      "m07": 0,
      "m08": -0.8187929391860962,
      "m09": 0.267160028219223,
      "m10": -0.5081371665000916,
      "m11": 0,
      "m12": 0.03855045884847641,
      "m13": -0.017446432262659073,
      "m14": 0.013755474239587784,
      "m15": 1
    },
    {
      "__type__": "cc.Mat4",
      "m00": 0.5346988439559937,
      "m01": -0.23812521994113922,
      "m02": -0.810798168182373,
      "m03": 0,
      "m04": 0.053121574223041534,
      "m05": -0.9481065273284912,
      "m06": 0.31348395347595215,
      "m07": 0,
      "m08": -0.8433713316917419,
      "m09": -0.21069031953811646,
      "m10": -0.4943018853664398,
      "m11": 0,
      "m12": 0.03379279375076294,
      "m13": -0.006471374072134495,
      "m14": 0.043034881353378296,
      "m15": 1
    },
    {
      "__type__": "cc.Mat4",
      "m00": 0.4901084303855896,
      "m01": -0.7862136960029602,
      "m02": -0.37637948989868164,
      "m03": 0,
      "m04": -0.825591504573822,
      "m05": -0.5572193264961243,
      "m06": 0.08891042321920395,
      "m07": 0,
      "m08": -0.2796285152435303,
      "m09": 0.26715996861457825,
      "m10": -0.9221892952919006,
      "m11": 0,
      "m12": 0.003341241739690304,
      "m13": -0.017446434125304222,
      "m14": 0.04079444706439972,
      "m15": 1
    },
    {
      "__type__": "cc.Mat4",
      "m00": 0.5346986651420593,
      "m01": 0.2381252497434616,
      "m02": -0.8107979893684387,
      "m03": 0,
      "m04": 0.3090706467628479,
      "m05": -0.9481063485145569,
      "m06": -0.07462818175554276,
      "m07": 0,
      "m08": -0.786493718624115,
      "m09": -0.21069031953811646,
      "m10": -0.580548882484436,
      "m11": 0,
      "m12": 0.052865419536828995,
      "m13": -0.006471374537795782,
      "m14": 0.014113814570009708,
      "m15": 1
    },
    {
      "__type__": "cc.Mat4",
      "m00": 1.0000001192092896,
      "m01": -2.0513965040390554e-17,
      "m02": -9.496311571589729e-19,
      "m03": 0,
      "m04": 2.0513961731668104e-17,
      "m05": 0.9957232475280762,
      "m06": 0.09238656610250473,
      "m07": 0,
      "m08": -9.496450124342331e-19,
      "m09": -0.09238656610250473,
      "m10": 0.9957232475280762,
      "m11": 0,
      "m12": -1.8298628949005124e-18,
      "m13": 0.0023598899133503437,
      "m14": -0.03507055342197418,
      "m15": 1
    },
    {
      "__type__": "cc.Mat4",
      "m00": 1,
      "m01": -1.0783435499918119e-16,
      "m02": -2.794267394402106e-17,
      "m03": 0,
      "m04": 1.0783435499918119e-16,
      "m05": 0.8741570711135864,
      "m06": 0.4856429100036621,
      "m07": 0,
      "m08": -2.794270703124556e-17,
      "m09": -0.48564279079437256,
      "m10": 0.8741572499275208,
      "m11": 0,
      "m12": -2.2518958200990487e-18,
      "m13": 0.0030568649526685476,
      "m14": -0.03697121888399124,
      "m15": 1
    },
    {
      "__type__": "cc.Mat4",
      "m00": 1,
      "m01": -8.111015449339769e-17,
      "m02": -1.534444189959753e-17,
      "m03": 0,
      "m04": 8.111015449339769e-17,
      "m05": 0.9308945536613464,
      "m06": 0.3652876913547516,
      "m07": 0,
      "m08": -1.5344488221711832e-17,
      "m09": -0.3652876615524292,
      "m10": 0.9308945536613464,
      "m11": 0,
      "m12": -1.728942310675674e-18,
      "m13": -0.02004772610962391,
      "m14": -0.03461603447794914,
      "m15": 1
    },
    {
      "__type__": "cc.Mat4",
      "m00": -0.7937415838241577,
      "m01": 0.5979319214820862,
      "m02": 0.11158597469329834,
      "m03": 0,
      "m04": -0.05494079366326332,
      "m05": 0.11222458630800247,
      "m06": -0.992162823677063,
      "m07": 0,
      "m08": -0.6057685017585754,
      "m09": -0.7936517000198364,
      "m10": -0.056226473301649094,
      "m11": 0,
      "m12": 0.021334754303097725,
      "m13": 0.027787886559963226,
      "m14": 0.0028589912690222263,
      "m15": 1
    },
    {
      "__type__": "cc.Mat4",
      "m00": -0.9947640895843506,
      "m01": 0.09686242789030075,
      "m02": 0.0325871966779232,
      "m03": 0,
      "m04": -0.049067165702581406,
      "m05": -0.17296801507472992,
      "m06": -0.9837044477462769,
      "m07": 0,
      "m08": -0.08964742720127106,
      "m09": -0.9801530241966248,
      "m10": 0.17681512236595154,
      "m11": 0,
      "m12": 0.017769090831279755,
      "m13": 0.012107825838029385,
      "m14": 0.0010320718865841627,