{
  "__type__": "cc.Skeleton",
  "_name": "Skin-0",
  "_objFlags": 0,
  "_native": "",
  "_joints": [
    "RootNode/骨架/Bone",
    "RootNode/骨架/Bone/Bone.001"
  ],
  "_bindposes": [
    {
      "__type__": "cc.Mat4",
      "m00": 1,
      "m01": 0,
      "m02": 0,
      "m03": 0,
      "m04": 0,
      "m05": 6.123234262925839e-17,
      "m06": -1,
      "m07": 0,
      "m08": 0,
      "m09": 1,
      "m10": 6.123234262925839e-17,
      "m11": 0,
      "m12": 0,
      "m13": 0,
      "m14": 0,
      "m15": 1
    },
    {
      "__type__": "cc.Mat4",
      "m00": 1,
      "m01": 0,
      "m02": 0,
      "m03": 0,
      "m04": 0,
      "m05": 1,
      "m06": 0,
      "m07": 0,
      "m08": 0,
      "m09": 0,
      "m10": 1,
      "m11": 0,
      "m12": 0,
      "m13": -7.163632258892986e-19,
      "m14": -0.011699099093675613,
      "m15": 1
    }
  ],
  "_hash": 3578174175
}