{
  "current-scene": "307e0718-fa01-4fa3-97f8-fa5d5794093e",
  "gizmos-infos": {
    "iconGizmoSize": 2,
    "isGridVisible": true,
    "isIconGizmo3D": false
  },
  "float-window": {
    "position": {
      "cc": {
        "CameraComponent": {
          "bottom": 10,
          "dock": false,
          "left": null,
          "right": 10,
          "top": null
        }
      }
    }
  },
  "camera-infos": {
    "0beae289-3330-4fec-a477-0884ec7796e0": {
      "position": {
        "x": 9.494139170946196,
        "y": 3.7832588616316762,
        "z": 9.786311678603695
      },
      "rotation": {
        "w": 0.9215183135646325,
        "x": -0.1310096849482718,
        "y": 0.36192928142525793,
        "z": 0.051455373497298215
      },
      "viewCenter": {
        "x": -0.07200625555768347,
        "y": -0.29605665196659703,
        "z": -0.5134420313016279
      }
    },
    "307e0718-fa01-4fa3-97f8-fa5d5794093e": {
      "position": {
        "x": -1.9661125589834725,
        "y": 2.0006696809003346,
        "z": 8.161830491710603
      },
      "rotation": {
        "w": 0.9823844794462984,
        "x": -0.08108547747811196,
        "y": -0.1677917545804412,
        "z": -0.013849439699457289
      },
      "viewCenter": {
        "x": 1.9346974887485098,
        "y": 0.04730001886870272,
        "z": -2.9242394869992996
      }
    },
    "f46876e4-e81b-4931-b493-6d367be385e7": {
      "position": {
        "x": 2.0343892114596396,
        "y": 3.9771776215850916,
        "z": 12.415684435922303
      },
      "rotation": {
        "w": 0.9963228010549987,
        "x": -0.06697092348954292,
        "y": 0.05331903610820166,
        "z": 0.003584953747474545
      },
      "viewCenter": {
        "x": 0.8778413426014808,
        "y": 2.513729990743426,
        "z": 1.640955765015418
      }
    }
  },
  "camera-uuids": [
    "307e0718-fa01-4fa3-97f8-fa5d5794093e"
  ]
}
