{
  "__type__": "cc.Skeleton",
  "_name": "Skin-0",
  "_objFlags": 0,
  "_native": "",
  "_joints": [
    "RootNode/骨架/Bone"
  ],
  "_bindposes": [
    {
      "__type__": "cc.Mat4",
      "m00": -0.0008292822167277336,
      "m01": -0.7787477970123291,
      "m02": 0.6273365616798401,
      "m03": 0,
      "m04": 0.9999831318855286,
      "m05": -0.0042476654052734375,
      "m06": -0.003950976300984621,
      "m07": 0,
      "m08": 0.005741529166698456,
      "m09": 0.6273227334022522,
      "m10": 0.778738260269165,
      "m11": 0,
      "m12": -0.00017978982941713184,
      "m13": 0.007476292550563812,
      "m14": -0.01911981590092182,
      "m15": 1
    }
  ],
  "_hash": 2343014242
}