{
  "__type__": "cc.Skeleton",
  "_name": "Skin-0",
  "_objFlags": 0,
  "_native": "",
  "_joints": [
    "RootNode/骨架/Root",
    "RootNode/骨架/Root/Body",
    "RootNode/骨架/Root/Body/Head",
    "RootNode/骨架/Root/F_Tail",
    "RootNode/骨架/Root/F_Tail/B_Tail",
    "RootNode/骨架/Root/Body_Middle",
    "RootNode/骨架/Root/Body_Middle/Body_Up",
    "RootNode/骨架/Root/L_Leg_Up",
    "RootNode/骨架/Root/L_Leg_Up/L_Leg_Down",
    "RootNode/骨架/Root/R_Leg_Up",
    "RootNode/骨架/Root/R_Leg_Up/R_Leg_Down"
  ],
  "_bindposes": [
    {
      "__type__": "cc.Mat4",
      "m00": 0.49983787536621094,
      "m01": 0.025945615023374557,
      "m02": 1.6134347191609777e-8,
      "m03": 0,
      "m04": -0.025945615023374557,
      "m05": 0.49983787536621094,
      "m06": 2.104052043705451e-8,
      "m07": 0,
      "m08": -1.5021948129856355e-8,
      "m09": -2.1848604703222918e-8,
      "m10": 0.5005107522010803,
      "m11": 0,
      "m12": 0,
      "m13": 0,
      "m14": 0,
      "m15": 1
    },
    {
      "__type__": "cc.Mat4",
      "m00": 0.3523971438407898,
      "m01": 0.35542556643486023,
      "m02": 1.286115880461125e-9,
      "m03": 0,
      "m04": -0.35542556643486023,
      "m05": 0.3523971438407898,
      "m06": -3.4657261949178064e-8,
      "m07": 0,
      "m08": -2.551653288662692e-8,
      "m09": 2.3488007983019088e-8,
      "m10": 0.5005108118057251,
      "m11": 0,
      "m12": 0.0114069152623415,
      "m13": -0.01254760567098856,
      "m14": 1.9106141113667263e-9,
      "m15": 1
    },
    {
      "__type__": "cc.Mat4",
      "m00": 0.41053321957588196,
      "m01": 0.2863101661205292,
      "m02": -2.6294941335436306e-8,
      "m03": 0,
      "m04": -0.28631019592285156,
      "m05": 0.4105331599712372,
      "m06": -1.8957658554086265e-8,
      "m07": 0,
      "m08": 1.072339905761055e-8,
      "m09": 3.0591262856205503e-8,
      "m10": 0.5005107522010803,
      "m11": 0,
      "m12": 0.0071960324421525,
      "m13": -0.024083556607365608,
      "m14": 1.5957850596493017e-9,
      "m15": 1
    },
    {
      "__type__": "cc.Mat4",
      "m00": 0.07713191211223602,
      "m01": -0.4945318102836609,
      "m02": 1.8560809778023213e-8,
      "m03": 0,
      "m04": 0.4945318102836609,
      "m05": 0.07713191211223602,
      "m06": -8.20919066057968e-9,
      "m07": 0,
      "m08": 5.250786916377592e-9,
      "m09": 1.96041778366407e-8,
      "m10": 0.5005108118057251,
      "m11": 0,
      "m12": -0.01686796545982361,
      "m13": -0.0017412083689123392,
      "m14": 9.854032034795068e-10,
      "m15": 1
    },
    {
      "__type__": "cc.Mat4",
      "m00": 0.26147565245628357,
      "m01": -0.42678043246269226,
      "m02": 4.5376307156175244e-8,
      "m03": 0,
      "m04": 0.42678043246269226,
      "m05": 0.26147565245628357,
      "m06": 7.301492299660595e-9,
      "m07": 0,
      "m08": -2.993128589423577e-8,
      "m09": 3.487748401198587e-8,
      "m10": 0.5005107522010803,
      "m11": 0,
      "m12": -0.010926472023129463,
      "m13": -0.017627863213419914,
      "m14": 9.107752885206821e-10,
      "m15": 1
    },
    {
      "__type__": "cc.Mat4",
      "m00": 0.4858541488647461,
      "m01": -0.1202366054058075,
      "m02": 6.47316369395412e-8,
      "m03": 0,
      "m04": 0.1202366054058075,
      "m05": 0.4858541488647461,
      "m06": -3.322779917880325e-8,
      "m07": 0,
      "m08": -5.485381748826512e-8,
      "m09": 4.780510209911881e-8,
      "m10": 0.5005106925964355,
      "m11": 0,
      "m12": -0.0049215201288461685,
      "m13": -0.016227714717388153,
      "m14": 1.7508180460978906e-9,
      "m15": 1
    },
    {
      "__type__": "cc.Mat4",
      "m00": 0.4832685887813568,
      "m01": -0.1302403211593628,
      "m02": 4.086670557512662e-9,
      "m03": 0,
      "m04": 0.1302403062582016,
      "m05": 0.4832686185836792,
      "m06": -4.8424467991026177e-8,
      "m07": 0,
      "m08": 8.654875038871523e-9,
      "m09": 4.7819696646911325e-8,
      "m10": 0.5005108118057251,
      "m11": 0,
      "m12": -0.005429837387055159,
      "m13": -0.02456853538751602,
      "m14": 2.3745989619072816e-9,
      "m15": 1
    },
    {
      "__type__": "cc.Mat4",
      "m00": 0.49983787536621094,
      "m01": -0.0200700294226408,
      "m02": 0.016442902386188507,
      "m03": 0,
      "m04": -0.025945615023374557,
      "m05": -0.38664552569389343,
      "m06": 0.31676989793777466,
      "m07": 0,
      "m08": -1.4279131654859611e-8,
      "m09": -0.31719622015953064,
      "m10": -0.3871661424636841,
      "m11": 0,
      "m12": 1.379075207055678e-18,
      "m13": 0.0131174111738801,
      "m14": -0.010746798478066921,
      "m15": 1
    },
    {
      "__type__": "cc.Mat4",
      "m00": 0.49983787536621094,
      "m01": -0.025945615023374557,
      "m02": -1.6134352520680295e-8,
      "m03": 0,
      "m04": -0.025945615023374557,
      "m05": -0.49983787536621094,
      "m06": -2.1040527542481868e-8,
      "m07": 0,
      "m08": -1.5021949906213194e-8,
      "m09": 2.1848606479579757e-8,
      "m10": -0.5005109310150146,
      "m11": 0,
      "m12": 2.7648402373153787e-18,
      "m13": 0.011457783170044422,
      "m14": -0.004505873657763004,
      "m15": 1
    },
    {
      "__type__": "cc.Mat4",
      "m00": 0.49983787536621094,
      "m01": -0.020070010796189308,
      "m02": -0.016442809253931046,
      "m03": 0,
      "m04": -0.025945544242858887,
      "m05": -0.38664552569389343,
      "m06": -0.31676995754241943,
      "m07": 0,
      "m08": 7.682547220611013e-8,
      "m09": 0.3171962797641754,
      "m10": -0.3871661424636841,
      "m11": 0,
      "m12": -2.5622346466747103e-9,
      "m13": 0.0131174111738801,
      "m14": 0.010746798478066921,
      "m15": 1
    },
    {
      "__type__": "cc.Mat4",
      "m00": 0.49983787536621094,
      "m01": -0.025945615023374557,
      "m02": -1.6134313440829828e-8,
      "m03": 0,
      "m04": -0.025945620611310005,
      "m05": -0.4998377859592438,
      "m06": -2.1040513331627153e-8,
      "m07": 0,
      "m08": -1.5021909050005888e-8,
      "m09": 2.1848588716011363e-8,
      "m10": -0.5005109310150146,
      "m11": 0,
      "m12": -4.791785026021377e-16,
      "m13": 0.011457780376076698,
      "m14": 0.004505874123424292,
      "m15": 1
    }
  ],
  "_hash": 1950509672
}