{
  "__type__": "cc.Skeleton",
  "_name": "Skin-0",
  "_objFlags": 0,
  "_native": "",
  "_joints": [
    "RootNode/骨架/Bone"
  ],
  "_bindposes": [
    {
      "__type__": "cc.Mat4",
      "m00": 1.9470718370939721e-7,
      "m01": -1,
      "m02": 1.3992270239866506e-14,
      "m03": 0,
      "m04": -5.960464477539063e-8,
      "m05": -2.5597730383378377e-14,
      "m06": -1.0000001192092896,
      "m07": 0,
      "m08": 1.0000001192092896,
      "m09": 1.947072547636708e-7,
      "m10": -5.960464477539063e-8,
      "m11": 0,
      "m12": -8.940696516468449e-10,
      "m13": 0,
      "m14": 2.98023217215615e-10,
      "m15": 1
    }
  ],
  "_hash": 3572149673
}