{
  "__type__": "cc.Skeleton",
  "_name": "Skin-0",
  "_objFlags": 0,
  "_native": "",
  "_joints": [
    "RootNode/骨架/Root",
    "RootNode/骨架/Root/Root_0",
    "RootNode/骨架/Root/Root_0/L_Up_Arm",
    "RootNode/骨架/Root/Root_0/L_Up_Arm/L_D_Arm",
    "RootNode/骨架/Root/Root_0/L_Up_Arm/L_D_Arm/L_Rope",
    "RootNode/骨架/Root/Root_0/R_Up_arm",
    "RootNode/骨架/Root/Root_0/R_Up_arm/R_D_Arm",
    "RootNode/骨架/Root/Root_0/R_Up_arm/R_D_Arm/R_Rope",
    "RootNode/骨架/Root/Root_0/R_Up_arm/R_D_Arm/R_Rope/R_Rope.001"
  ],
  "_bindposes": [
    {
      "__type__": "cc.Mat4",
      "m00": 0.3394125699996948,
      "m01": 7.359837480706646e-22,
      "m02": 8.092226266853686e-8,
      "m03": 0,
      "m04": 8.09222555631095e-8,
      "m05": 2.0783027041319353e-17,
      "m06": -0.3394125998020172,
      "m07": 0,
      "m08": -7.409387538103133e-22,
      "m09": 0.3394125998020172,
      "m10": 2.0783027041319353e-17,
      "m11": 0,
      "m12": 0,
      "m13": 0.014687827788293362,
      "m14": 0,
      "m15": 1
    },
    {
      "__type__": "cc.Mat4",
      "m00": 0.33939310908317566,
      "m01": 0.002571233781054616,
      "m02": 0.0025712058413773775,
      "m03": 0,
      "m04": -0.0025711595080792904,
      "m05": 0.33940279483795166,
      "m06": -0.000019501394490362145,
      "m07": 0,
      "m08": -0.002571279648691416,
      "m09": 2.2562437251849587e-8,
      "m10": 0.33940279483795166,
      "m11": 0,
      "m12": 6.343236691463972e-8,
      "m13": -5.742518548353115e-13,
      "m14": -0.000008374452590942383,
      "m15": 1
    },
    {
      "__type__": "cc.Mat4",
      "m00": -0.07045616209506989,
      "m01": -0.3320188820362091,
      "m02": -0.0005338769988156855,
      "m03": 0,
      "m04": 0.33200937509536743,
      "m05": -0.07045816630125046,
      "m06": 0.0025152682792395353,
      "m07": 0,
      "m08": -0.002571303164586425,
      "m09": -1.0616379597649939e-7,
      "m10": 0.3394028842449188,
      "m11": 0,
      "m12": -0.002802727511152625,
      "m13": 0.0006170267588458955,
      "m14": -0.000029606624593725428,
      "m15": 1
    },
    {
      "__type__": "cc.Mat4",
      "m00": -0.17187774181365967,
      "m01": -0.29267260432243347,
      "m02": -0.0013021749909967184,
      "m03": 0,
      "m04": 0.29266422986984253,
      "m05": -0.17188265919685364,
      "m06": 0.0022171882446855307,
      "m07": 0,
      "m08": -0.0025712999049574137,
      "m09": -4.349639226575164e-8,
      "m10": 0.33940279483795166,
      "m11": 0,
      "m12": -0.004434149246662855,
      "m13": -0.004436737857758999,
      "m14": -0.00004196938971290365,
      "m15": 1
    },
    {
      "__type__": "cc.Mat4",
      "m00": 0.0024605675134807825,
      "m01": 0.33939436078071594,
      "m02": 0.0025105811655521393,
      "m03": 0,
      "m04": -0.3394034206867218,
      "m05": 0.002461052732542157,
      "m06": -0.00005632910688291304,
      "m07": 0,
      "m08": -0.00007453006401192397,
      "m09": -0.0025101068895310163,
      "m10": 0.33940330147743225,
      "m11": 0,
      "m12": -0.0023887022398412228,
      "m13": 0.013001502491533756,
      "m14": 0.00008725454972591251,
      "m15": 1
    },
    {
      "__type__": "cc.Mat4",
      "m00": -0.0704561173915863,
      "m01": 0.3320188820362091,
      "m02": -0.0005336583708412945,
      "m03": 0,
      "m04": -0.33200937509536743,
      "m05": -0.07045812904834747,
      "m06": -0.0025152696762233973,
      "m07": 0,
      "m08": -0.0025712584611028433,
      "m09": -1.0771751135507657e-7,
      "m10": 0.33940279483795166,
      "m11": 0,
      "m12": 0.002811880549415946,
      "m13": 0.0005744904046878219,
      "m14": 0.000012924853763252031,
      "m15": 1
    },
    {
      "__type__": "cc.Mat4",
      "m00": -0.17187775671482086,
      "m01": 0.2926725447177887,
      "m02": -0.0013020780170336366,
      "m03": 0,
      "m04": -0.29266420006752014,
      "m05": -0.17188265919685364,
      "m06": -0.0022172003518790007,
      "m07": 0,
      "m08": -0.002571261255070567,
      "m09": -4.666325637003865e-8,
      "m10": 0.33940285444259644,
      "m11": 0,
      "m12": 0.004456296097487211,
      "m13": -0.004474231041967869,
      "m14": 0.0000253850084845908,
      "m15": 1
    },
    {
      "__type__": "cc.Mat4",
      "m00": 0.002460499294102192,
      "m01": -0.33939430117607117,
      "m02": 0.00251534185372293,
      "m03": 0,
      "m04": -0.007431408390402794,
      "m05": 0.0024609328247606754,
      "m06": 0.3393222689628601,
      "m07": 0,
      "m08": -0.3393222391605377,
      "m09": -0.0025149183347821236,
      "m10": -0.007413170766085386,
      "m11": 0,
      "m12": -0.0001404328504577279,
      "m13": 0.01304498128592968,
      "m14": 0.002385874977335334,
      "m15": 1
    },
    {
      "__type__": "cc.Mat4",
      "m00": -0.004943038336932659,
      "m01": -0.003602887038141489,
      "m02": 0.3393574357032776,
      "m03": 0,
      "m04": -0.00005246233558864333,
      "m05": 0.33939340710639954,
      "m06": 0.0036025051958858967,
      "m07": 0,
      "m08": -0.3393765091896057,
      "m09": 1.130137050608937e-8,
      "m10": -0.0049433172680437565,
      "m11": 0,
      "m12": -0.00008756391616770998,
      "m13": 0.0023890782613307238,
      "m14": -0.000019402152247494087,
      "m15": 1
    }
  ],
  "_hash": 502023711
}